<pagescount>
	<total_html_pages>22</total_html_pages>
	<html>10</html>
	<img>48</img>
	<js>16</js>
	<css>11</css>
	<pdf>0</pdf>
	<xml>0</xml>
	<txt>0</txt>
	<fonts>6</fonts>
	<is_pretty_url>false</is_pretty_url>
	<is_ebn>false</is_ebn>
	<theme_name>WDO_theme</theme_name>
	<server_url_front_page>https://www.waybackmachinedownloader.com/website-downloader-online/scraping/files/live/srbthemes.com_donald.k.kiplagat_gmail.com_2ch6nz606iw</server_url_front_page>
	<hosted_domain></hosted_domain>
</pagescount>